{"cameraMode":{"drawMode":0,"name":"Shaded","section":"Shading Mode"},"sceneLighting":true,"audioPlay":false,"sceneViewState":{"showFog":true,"showMaterialUpdate":false,"showSkybox":true,"showFlares":true,"showImageEffects":true,"showParticleSystems":true},"in2DMode":false,"pivot":{"x":-4.560190200805664,"y":-1.1455111503601075,"z":-0.7866345047950745},"rotation":{"x":-0.13613878190517426,"y":-0.7086736559867859,"z":0.14240850508213044,"w":-0.6774737238883972},"size":2.698277235031128,"orthographic":false}